Марка ;Ссылка;Цена в доларах;Город;Цена в гривнах
SEAT Ateca 2020;https://auto.ria.com/newauto/auto-seat-ateca-1855421.html;29 296 $;Одеса;816 491 грн
SEAT Ateca 2020;https://auto.ria.com/newauto/auto-seat-ateca-1851350.html;26 545 $;Одеса;27 105 $
SEAT Arona 2019;https://auto.ria.com/newauto/auto-seat-arona-1842958.html;25 842 $;Одеса;720 230 грн
SEAT Arona 2020;https://auto.ria.com/newauto/auto-seat-arona-1855425.html;22 664 $;Одеса;631 665 грн
SEAT Arona 2020;https://auto.ria.com/newauto/auto-seat-arona-1852861.html;24 156 $;Київ;673 238 грн
SEAT Tarraco 2019;https://auto.ria.com/newauto/auto-seat-tarraco-1835295.html;43 728 $;Київ;1 218 739 грн
SEAT Ibiza 2021;https://auto.ria.com/newauto/auto-seat-ibiza-1855556.html;17 033 $;Київ;474 715 грн
SEAT Tarraco 2019;https://auto.ria.com/newauto/auto-seat-tarraco-1833028.html;44 319 $;Київ;1 235 209 грн
SEAT Tarraco 2019;https://auto.ria.com/newauto/auto-seat-tarraco-1835300.html;39 646 $;Київ;1 104 968 грн
SEAT Arona 2020;https://auto.ria.com/newauto/auto-seat-arona-1845721.html;21 825 $;Київ;608 283 грн
SEAT Ateca 2021;https://auto.ria.com/newauto/auto-seat-ateca-1858018.html;29 273 $;Київ;815 864 грн
SEAT Arona 2020;https://auto.ria.com/newauto/auto-seat-arona-1835283.html;18 920 $;Київ;527 319 грн
SEAT Tarraco 2019;https://auto.ria.com/newauto/auto-seat-tarraco-1838937.html;42 547 $;Київ;1 185 800 грн
SEAT Arona 2020;https://auto.ria.com/newauto/auto-seat-arona-1845717.html;18 425 $;Київ;513 517 грн
SEAT Arona 2020;https://auto.ria.com/newauto/auto-seat-arona-1855697.html;24 815 $;Київ;691 618 грн
SEAT Ibiza 2019;https://auto.ria.com/newauto/auto-seat-ibiza-1835277.html;15 773 $;Київ;439 603 грн
SEAT Arona 2020;https://auto.ria.com/newauto/auto-seat-arona-1845720.html;20 897 $;Київ;582 426 грн
SEAT Ateca 2020;https://auto.ria.com/newauto/auto-seat-ateca-1845342.html;26 910 $;Дніпро (Дніпропетровськ);27 628 $
SEAT Arona 2020;https://auto.ria.com/newauto/auto-seat-arona-1845676.html;23 307 $;Київ;649 588 грн
SEAT Ateca 2020;https://auto.ria.com/newauto/auto-seat-ateca-1851220.html;29 656 $;Київ;826 536 грн
SEAT Ibiza 2020;https://auto.ria.com/newauto/auto-seat-ibiza-1845722.html;16 000 $;Київ;445 927 грн
SEAT Ateca 2020;https://auto.ria.com/newauto/auto-seat-ateca-1851219.html;28 113 $;Київ;783 518 грн
SEAT Ateca 2020;https://auto.ria.com/newauto/auto-seat-ateca-1833027.html;28 051 $;Київ;781 805 грн
SEAT Arona 2020;https://auto.ria.com/newauto/auto-seat-arona-1845718.html;21 540 $;Київ;600 344 грн
SEAT Ibiza 2019;https://auto.ria.com/newauto/auto-seat-ibiza-1846411.html;18 623 $;Дніпро (Дніпропетровськ);519 030 грн
SEAT Ateca 2020;https://auto.ria.com/newauto/auto-seat-ateca-1845709.html;30 414 $;Київ;847 650 грн
SEAT Ateca 2020;https://auto.ria.com/newauto/auto-seat-ateca-1845714.html;30 085 $;Київ;838 493 грн
SEAT Ateca 2020;https://auto.ria.com/newauto/auto-seat-ateca-1845708.html;30 131 $;Київ;839 777 грн
SEAT Ateca 2020;https://auto.ria.com/newauto/auto-seat-ateca-1845713.html;32 164 $;Київ;896 432 грн
SEAT Ateca 2020;https://auto.ria.com/newauto/auto-seat-ateca-1845712.html;28 096 $;Київ;783 056 грн
SEAT Tarraco 2020;https://auto.ria.com/newauto/auto-seat-tarraco-1845726.html;36 257 $;Київ;1 010 500 грн
SEAT Ibiza 2020;https://auto.ria.com/newauto/auto-seat-ibiza-1845723.html;17 488 $;Київ;487 397 грн
SEAT Ateca 2020;https://auto.ria.com/newauto/auto-seat-ateca-1833026.html;32 164 $;Київ;896 432 грн
SEAT Arona 2020;https://auto.ria.com/newauto/auto-seat-arona-1848116.html;21 835 $;Дніпро (Дніпропетровськ);608 557 грн
SEAT Ibiza 2019;https://auto.ria.com/newauto/auto-seat-ibiza-1846410.html;17 063 $;Дніпро (Дніпропетровськ);475 553 грн
SEAT Tarraco 2020;https://auto.ria.com/newauto/auto-seat-tarraco-1845724.html;31 334 $;Київ;873 309 грн
SEAT Arona 2020;https://auto.ria.com/newauto/auto-seat-arona-1845719.html;23 307 $;Київ;649 588 грн
SEAT Tarraco 2020;https://auto.ria.com/newauto/auto-seat-tarraco-1845725.html;35 356 $;Київ;985 400 грн
SEAT Ateca 2020;https://auto.ria.com/newauto/auto-seat-ateca-1845705.html;28 051 $;Київ;781 805 грн
SEAT Ateca 2020;https://auto.ria.com/newauto/auto-seat-ateca-1850569.html;26 157 $;Харків;729 000 грн
SEAT Arona 2021;https://auto.ria.com/newauto/auto-seat-arona-1858153.html;24 757 $;Харків;690 000 грн
SEAT Ateca 2018;https://auto.ria.com/newauto/auto-seat-ateca-1850575.html;33 010 $;Харків;920 000 грн
SEAT Arona 2021;https://auto.ria.com/newauto/auto-seat-arona-1858154.html;24 650 $;Харків;687 000 грн
SEAT Ateca 2021;https://auto.ria.com/newauto/auto-seat-ateca-1852549.html;29 637 $;Харків;826 000 грн
SEAT Ateca 2021;https://auto.ria.com/newauto/auto-seat-ateca-1855683.html;30 103 $;Харків;839 000 грн
